"V1";"V2";"V3"
"1";1000;479.99999997187;0.25
"2";1010;477.529350164313;0.244162627806332
"3";1020;475.116108083835;0.238517069921331
"4";1030;472.758396404098;0.233055234411959
"5";1040;470.454416619484;0.227769444740586
"6";1050;468.202445017901;0.222652414712719
"7";1060;466.000828895339;0.217697225156252
"8";1070;463.847982995548;0.21289730219758
"9";1080;461.74238615948;0.208246397011561
"10";1090;459.682578170336;0.203738566932803
"11";1100;457.665396217451;0.200547920137437
"12";1110;455.661727744237;0.2001864284417
"13";1120;453.661654698925;0.199828821727417
"14";1130;451.665138612938;0.199475024109772
"15";1140;449.672141765795;0.199124961841172
"16";1150;447.682627164133;0.198778563232932
"17";1160;445.696558521496;0.198435758580475
"18";1170;443.713900238849;0.198096480091879
"19";1180;441.734617385802;0.197760661819568
"20";1190;439.758675682489;0.197428239595012
"21";1200;437.7860414821;0.197099150966259
"22";1210;435.816681754006;0.196773335138161
"23";1220;433.850564067491;0.196450732915153
"24";1230;431.887656576021;0.196131286646469
"25";1240;429.927928002069;0.195814940173646
"26";1250;427.971347622439;0.195501638780237
"27";1260;426.017885254091;0.195191329143592
"28";1270;424.067511240439;0.194883959288624
"29";1280;422.120196438093;0.194579478543463
"30";1290;420.175912204044;0.194277837496893
"31";1300;418.234630383262;0.193978987957511
"32";1310;416.296323296699;0.193682882914496
"33";1320;414.360963729667;0.19338947649994
"34";1330;412.428524920595;0.19309872395265
"35";1340;410.498980550136;0.192810581583364
"36";1350;408.572304730616;0.192525006741303
"37";1360;406.648471995809;0.192241957782012
"38";1370;404.727457291035;0.191961394036421
"39";1380;402.809235963548;0.191683275781082
"40";1390;400.893783753233;0.191407564209512
"41";1400;398.981076783565;0.191134221404612
"42";1410;397.071091552859;0.1908632103121
"43";1420;395.163804925762;0.190594494714927
"44";1430;393.259194125012;0.190328039208616
"45";1440;391.357236723424;0.190063809177506
"46";1450;389.457910636126;0.189801770771833
"47";1460;387.561194113003;0.189541890885652
"48";1470;385.667065731371;0.189284137135519
"49";1480;383.775504388853;0.189028477839943
"50";1490;381.886489296462;0.188774881999545
"51";1500;379.999999971871;0.188523319277908
"52";1510;378.11586590098;0.188303780656632
"53";1520;376.233918684657;0.18808594427714
"54";1530;374.354141422248;0.18786978587125
"55";1540;372.476517453262;0.187655281672519
"56";1550;370.601030352421;0.187442408402693
"57";1560;368.727663924841;0.187231143258603
"58";1570;366.856402201349;0.187021463899504
"59";1580;364.987229433918;0.186813348434815
"60";1590;363.120130091226;0.186606775412269
"61";1600;361.25508885433;0.186401723806448
"62";1610;359.392090612452;0.18619817300768
"63";1620;357.531120458878;0.1859961028113
"64";1630;355.672163686961;0.185795493407246
"65";1640;353.815205786219;0.185596325369991
"66";1650;351.960232438548;0.185398579648782
"67";1660;350.107229514514;0.185202237558196
"68";1670;348.256183069752;0.185007280768979
"69";1680;346.407079341441;0.184813691299172
"70";1690;344.559904744884;0.184621451505514
"71";1700;342.714645870156;0.184430544075097
"72";1710;340.871289478842;0.184240952017286
"73";1720;339.029822500856;0.184052658655871
"74";1730;337.190232031334;0.183865647621465
"75";1740;335.352505327603;0.183679902844119
"76";1750;333.516629806219;0.183495408546167
"77";1760;331.682593040087;0.183312149235268
"78";1770;329.850382755633;0.183130109697668
"79";1780;328.019986830058;0.182949274991642
"80";1790;326.191393288644;0.182769630441138
"81";1800;324.364590302133;0.182591161629599
"82";1810;322.53956618416;0.182413854393967
"83";1820;320.716309388746;0.182237694818846
"84";1830;318.894808507852;0.182062669230846
"85";1840;317.075052268987;0.181888764193076
"86";1850;315.257029532867;0.181715966499793
"87";1860;313.440729291133;0.181544263171204
"88";1870;311.626140664115;0.181373641448409
"89";1880;309.813252898646;0.181204088788484
"90";1890;308.002055365931;0.181035592859698
"91";1900;306.192537559454;0.180868141536866
"92";1910;304.384689092939;0.180701722896817
"93";1920;302.578499698349;0.180536325214
"94";1930;300.77395922393;0.18037193695619
"95";1940;298.998632088597;0.17331474291056
"96";1950;297.30796471766;0.164895812939836
"97";1960;295.699219614374;0.156925805925624
"98";1970;294.16803919649;0.149378674093796
"99";1980;292.710318101658;0.14223000224017
"100";1990;291.32218741779;0.135456897885912
"101";2000;289.999999971886;0.129037889324739
"102";2010;288.720950448534;0.12678053160302
"103";2020;287.464221344371;0.12457357402358
"104";2030;286.229315527416;0.122415650088643
"105";2040;285.015749311681;0.120305436826423
"106";2050;283.823052029923;0.118241653200448
"107";2060;282.650765621966;0.116223058584401
"108";2070;281.498444237969;0.114248451299501
"109";2080;280.365653856008;0.112316667211542
"110";2090;279.251971913411;0.110426578384912
"111";2100;278.156986951274;0.108577091791004
"112";2110;277.080298271627;0.106767148068577
"113";2120;276.021515606758;0.104995720333749
"114";2130;274.980258800183;0.103261813037406
"115";2140;273.956157498829;0.101564460867933
"116";2150;272.948464167817;0.100215610436425
"117";2160;271.948207737399;0.099836208921922
"118";2170;270.951729393232;0.0994599862756921
"119";2180;269.958997552739;0.099086901397274
"120";2190;268.969981040751;0.0987169139029297
"121";2200;267.984649082419;0.0983499841099443
"122";2210;267.002971296279;0.0979860730213384
"123";2220;266.024917687471;0.0976251423109814
"124";2230;265.050458641102;0.0972671543090938
"125";2240;264.079564915756;0.0969120719881253
"126";2250;263.112207637135;0.096559858948999
"127";2260;262.14835829185;0.0962104794077092
"128";2270;261.187988721327;0.0958638981822632
"129";2280;260.231071115858;0.0955200806799564
"130";2290;259.277578008766;0.0951789928849706
"131";2300;258.327482270699;0.094840601346286
"132";2310;257.38075710404;0.0945048731658981
"133";2320;256.437376037434;0.0941717759873301
"134";2330;255.497312920432;0.0938412779844316
"135";2340;254.560541918239;0.0935133478504571
"136";2350;253.627037506575;0.0931879547874139
"137";2360;252.69677446664;0.0928650684956729
"138";2370;251.769727880182;0.0925446591638351
"139";2380;250.84587312466;0.092226697458845
"140";2390;249.925185868514;0.0919111545163454
"141";2400;249.007642066525;0.0915980019312658
"142";2410;248.093217955263;0.0912872117486382
"143";2420;247.181890048638;0.0909787564546336
"144";2430;246.273635133527;0.0906726089678134
"145";2440;245.368430265496;0.0903687426305891
"146";2450;244.466252764602;0.0900671312008854
"147";2460;243.56708021128;0.0897677488439997
"148";2470;242.670890442307;0.0894705701246546
"149";2480;241.77766154685;0.0891755699992356
"150";2490;240.887371862583;0.0888827238082109
"151";2500;239.999999971888;0.0885920072687281
"152";2510;239.115941080871;0.0882202787655799
"153";2520;238.235584301557;0.0878515787881426
"154";2530;237.358899531906;0.0874858707909038
"155";2540;236.48585703241;0.087123118811478
"156";2550;235.616427420315;0.0867632874590523
"157";2560;234.750581663968;0.086406341903105
"158";2570;233.888291077262;0.0860522478623896
"159";2580;233.029527314204;0.085700971594178
"160";2590;232.174262363577;0.0853524798837546
"161";2600;231.322468543716;0.0850067400341546
"162";2610;230.474118497377;0.0846637198561415
"163";2620;229.629185186713;0.0843233876584145
"164";2630;228.787641888337;0.0839857122380426
"165";2640;227.949462188492;0.0836506628711173
"166";2650;227.114619978302;0.0833182093036195
"167";2660;226.283089449116;0.0829883217424928
"168";2670;225.454845087949;0.0826609708469212
"169";2680;224.629861672998;0.0823361277198017
"170";2690;223.808114269245;0.0820137638994106
"171";2700;222.989578224149;0.0816938513512551
"172";2710;222.174229163409;0.081376362460108
"173";2720;221.362042986814;0.0810612700222191
"174";2730;220.552995864164;0.0807485472376994
"175";2740;219.74706423127;0.0804381677030735
"176";2750;218.944224786027;0.0801301054039961
"177";2760;218.144775763331;0.0797598275721789
"178";2770;217.349018093107;0.0793922111080794
"179";2780;216.556921508003;0.0790276046125272
"180";2790;215.768456085487;0.0786659727457664
"181";2800;214.983592253717;0.0783072807076318
"182";2810;214.202300786199;0.0779514942274194
"183";2820;213.424552796536;0.077598579553983
"184";2830;212.65031973329;0.0772485034460508
"185";2840;211.879573374921;0.076901233162755
"186";2850;211.112285824838;0.0765567364543704
"187";2860;210.348429506529;0.0762149815532562
"188";2870;209.587977158782;0.075875937164996
"189";2880;208.830901831003;0.07553957245973
"190";2890;208.077176878606;0.0752058570636764
"191";2900;207.326775958501;0.0748747610508358
"192";2910;206.579673024648;0.074546254934874
"193";2920;205.835842323709;0.0742203096611804
"194";2930;205.095258390765;0.0738968965990949
"195";2940;204.357896045115;0.0735759875343023
"196";2950;203.623730386151;0.0732575546613871
"197";2960;202.892736789304;0.0729415705765471
"198";2970;202.164890902067;0.0726280082704603
"199";2980;201.440168640081;0.0723168411213025
"200";2990;200.718546183297;0.0720080428879108
"201";3000;199.999999972202;0.0717015877030905
"202";3010;199.284262818389;0.0714461366938771
"203";3020;198.571071395539;0.0711924385284481
"204";3030;197.860408264274;0.0709404754346303
"205";3040;197.152256161747;0.0706902298783044
"206";3050;196.446597999276;0.070441684559447
"207";3060;195.743416860024;0.0701948224082505
"208";3070;195.042695996721;0.0699496265813194
"209";3080;194.34441882941;0.0697060804579424
"210";3090;193.648568943247;0.0694641676364366
"211";3100;192.95513008632;0.0692238719305648
"212";3110;192.264086167521;0.0689851773660213
"213";3120;191.575421254437;0.0687480681769869
"214";3130;190.889119571287;0.0685125288027509
"215";3140;190.205165496885;0.0682785438843972
"216";3150;189.523543562636;0.0680460982615561
"217";3160;188.844238450573;0.067815176969217
"218";3170;188.167234991414;0.0675857652346029
"219";3180;187.492518162655;0.0673578484741043
"220";3190;186.820073086697;0.0671314122902714
"221";3200;186.149885028995;0.066906442468864
"222";3210;185.481939396244;0.0666829249759562
"223";3220;184.816221734588;0.0664608459550964
"224";3230;184.15271772786;0.0662401917245205
"225";3240;183.491413195848;0.0660209487744175
"226";3250;182.832294092591;0.0658031037642456
"227";3260;182.175346504695;0.0655866435200991
"228";3270;181.520556649686;0.0653715550321234
"229";3280;180.867910874377;0.0651578254519789
"230";3290;180.217395653269;0.0649454420903501
"231";3300;179.568997586968;0.0647343924145022
"232";3310;178.922703400638;0.0645246640458817
"233";3320;178.278499942465;0.0643162447577607
"234";3330;177.636374182155;0.0641091224729247
"235";3340;176.996313209445;0.063903285261402
"236";3350;176.358304232648;0.0636987213382345
"237";3360;175.722334577209;0.0634954190612886
"238";3370;175.088391684289;0.0632933669291059
"239";3380;174.456463109369;0.0630925535787921
"240";3390;173.826536520876;0.0628929677839438
"241";3400;173.198599698827;0.0626945984526124
"242";3410;172.572640533491;0.0624974346253043
"243";3420;171.948647024085;0.0623014654730168
"244";3430;171.326607277463;0.062106680295308
"245";3440;170.706509506856;0.0619130685184018
"246";3450;170.088342030603;0.0617206196933253
"247";3460;169.472093270917;0.0615293234940796
"248";3470;168.857751752665;0.0613391697158426
"249";3480;168.245306102161;0.061150148273202
"250";3490;167.634745045987;0.060962249198421
"251";3500;167.026057409819;0.0607754626397322
"252";3510;166.419232117276;0.0605897788596623
"253";3520;165.814258188792;0.0604051882333852
"254";3530;165.211204410404;0.0601761256383464
"255";3540;164.61100419645;0.059864334102843
"256";3550;164.013909434404;0.059555030762451
"257";3560;163.419895376531;0.0592481888352151
"258";3570;162.828937541094;0.0589437819015755
"259";3580;162.24101170877;0.0586417838984662
"260";3590;161.656093919103;0.0583421691135269
"261";3600;161.074160467034;0.0580449121794232
"262";3610;160.495187899475;0.0577499880682755
"263";3620;159.919153011942;0.057457372086192
"264";3630;159.346032845241;0.0571670398679056
"265";3640;158.775804682212;0.0568789673715104
"266";3650;158.208446044518;0.056593130873297
"267";3660;157.643934689489;0.0563095069626846
"268";3670;157.082248607014;0.0560280725372467
"269";3680;156.52336601649;0.0557488047978297
"270";3690;155.967265363806;0.0554716812437616
"271";3700;155.413925318386;0.0551966796681487
"272";3710;154.863324770272;0.0549237781532597
"273";3720;154.315442827259;0.054652955065994
"274";3730;153.770258812067;0.0543841890534329
"275";3740;153.227752259562;0.0541174590384723
"276";3750;152.687902914021;0.0538527442155351
"277";3760;152.150690726435;0.0535900240463605
"278";3770;151.61609585186;0.0533292782558712
"279";3780;151.084098646804;0.0530704868281133
"280";3790;150.554679666653;0.0528136300022714
"281";3800;150.027819663144;0.0525586882687533
"282";3810;149.503499581871;0.0523056423653467
"283";3820;148.981700559826;0.0520544732734434
"284";3830;148.462403922986;0.0518051622143311
"285";3840;147.945591183931;0.0515576906455513
"286";3850;147.431244039498;0.0513120402573221
"287";3860;146.919344368476;0.0510681929690233
"288";3870;146.409874229326;0.0508261309257446
"289";3880;145.902815857944;0.0505858364948941
"290";3890;145.398151665456;0.0503472922628659
"291";3900;144.895864236041;0.0501104810317673
"292";3910;144.395936324792;0.0498753858162013
"293";3920;143.898350855608;0.0496419898401072
"294";3930;143.403090919114;0.0494102765336545
"295";3940;142.910139770614;0.0491802295301914
"296";3950;142.419480828077;0.048951832663246
"297";3960;141.931097670146;0.048725069963579
"298";3970;141.444974034185;0.0484999256562874
"299";3980;140.961093814345;0.0482763841579572
"300";3990;140.479441059666;0.048054430073866
"301";4000;139.999999972203;0.0478340481952324
"302";4010;139.522373183125;0.0476914399321225
"303";4020;139.046168577692;0.0475496104319028
"304";4030;138.571378399198;0.0474085535204694
"305";4040;138.09799495236;0.0472682630878248
"306";4050;137.626010602675;0.0471287330872558
"307";4060;137.155417775796;0.046989957534524
"308";4070;136.686208956907;0.0468519305070677
"309";4080;136.218376690116;0.0467146461432173
"310";4090;135.751913577843;0.0465780986414219
"311";4100;135.286812280227;0.0464422822594874
"312";4110;134.823065514538;0.0463071913138262
"313";4120;134.360666054589;0.0461728201787187
"314";4130;133.899606730164;0.0460391632855849
"315";4140;133.439880426451;0.0459062151222681
"316";4150;132.98148008348;0.045773970232328
"317";4160;132.52439869557;0.0456424232143456
"318";4170;132.068629310783;0.0455115687212371
"319";4180;131.61416503038;0.0453814014595793
"320";4190;131.160999008293;0.0452519161889441
"321";4200;130.709124450597;0.0451231077212428
"322";4210;130.258534614986;0.0449949709200808
"323";4220;129.809222810264;0.0448675007001209
"324";4230;129.361182395834;0.0447406920264563
"325";4240;128.914406781203;0.044614539913993
"326";4250;128.468889425476;0.0444890394268408
"327";4260;128.024623836878;0.0443641856777133
"328";4270;127.581603572264;0.0442399738273367
"329";4280;127.139822236646;0.0441163990838669
"330";4290;126.699273482719;0.0439934567023154
"331";4300;126.259951010394;0.0438711419839833
"332";4310;125.821848566343;0.043749450275903
"333";4320;125.38495994354;0.0436283769702888
"334";4330;124.949278980811;0.0435079175039947
"335";4340;124.514799562397;0.0433880673579796
"336";4350;124.081515617507;0.0432688220567816
"337";4360;123.649421119892;0.0431501771679979
"338";4370;123.21851008741;0.0430321283017733
"339";4380;122.788776581611;0.0429146711102957
"340";4390;122.360214707314;0.0427978012872983
"341";4400;121.932818612192;0.0426815145675697
"342";4410;121.506582486371;0.0425658067264694
"343";4420;121.081500562021;0.0424506735794518
"344";4430;120.657567112956;0.0423361109815956
"345";4440;120.234776454248;0.0422221148271405
"346";4450;119.81312294183;0.0421086810490297
"347";4460;119.392600972113;0.0419958056184594
"348";4470;118.97320498161;0.0418834845444343
"349";4480;118.554929446552;0.0417717138733288
"350";4490;118.137768882526;0.0416604896884551
"351";4500;117.721717844101;0.0415498081096366
"352";4510;117.306770924464;0.0414396652927875
"353";4520;116.89292275507;0.0413300574294976
"354";4530;116.480168005277;0.0412209807466238
"355";4540;116.068501382001;0.0411124315058862
"356";4550;115.657917629369;0.0410044060034701
"357";4560;115.248411528373;0.0408969005696334
"358";4570;114.839977896538;0.0407899115683195
"359";4580;114.432611587578;0.0406834353967748
"360";4590;114.026307491073;0.0405774684851723
"361";4600;113.621060532136;0.0404720072962394
"362";4610;113.216865671093;0.0403670483248912
"363";4620;112.813717903161;0.0402625880978687
"364";4630;112.411655458263;0.0401071777172008
"365";4640;112.012624180788;0.0396999169854602
"366";4650;111.617640455654;0.0392976551637376
"367";4660;111.226654654319;0.0389003203399005
"368";4670;110.839617861414;0.0385078417874781
"369";4680;110.456481863001;0.0381201499436308
"370";4690;110.07719913504;0.0377371763875747
"371";4700;109.701722832078;0.0373588538194513
"372";4710;109.330006776143;0.0369851160396321
"373";4720;108.962005445841;0.0366158979284481
"374";4730;108.59767396566;0.0362511354263345
"375";4740;108.236968095461;0.0358907655143813
"376";4750;107.879844220174;0.0355347261952815
"377";4760;107.52625933967;0.0351829564746659
"378";4770;107.176171058826;0.034835396342819
"379";4780;106.829537577766;0.0344919867567635
"380";4790;106.486317682287;0.0341526696227094
"381";4800;106.146470734446;0.0338173877788562
"382";4810;105.809956663331;0.0334860849785417
"383";4820;105.476735955989;0.0331587058737308
"384";4830;105.14676964852;0.0328351959988339
"385";4840;104.820019317337;0.032515501754851
"386";4850;104.496447070573;0.0321995703938319
"387";4860;104.176015539649;0.0318873500036462
"388";4870;103.858687870991;0.0315787894930569
"389";4880;103.544427717893;0.0312738385770904
"390";4890;103.23319923253;0.0309724477626961
"391";4900;102.924967058103;0.0306745683346901
"392";4910;102.619696321135;0.0303801523419764
"393";4920;102.317352623896;0.0300891525840395
"394";4930;102.017902036963;0.0298015225977025
"395";4940;101.721311091912;0.0295172166441449
"396";4950;101.427546774139;0.0292361896961753
"397";4960;101.136576515806;0.0289583974257519
"398";4970;100.848368188911;0.0286837961917475
"399";4980;100.562890098478;0.0284123430279518
"400";4990;100.280110975867;0.0281439956313066
"401";5000;99.9999999722037;0.0278787123503705
"402";5010;99.7223392057038;0.027653819427047
"403";5020;99.4469160597;0.0274311837053327
"404";5030;99.1737080979137;0.0272107781012436
"405";5040;98.9026931530113;0.0269925759087067
"406";5050;98.6338493228556;0.0267765507935506
"407";5060;98.3671549668163;0.0265626767876048
"408";5070;98.1025887021388;0.0263509282829023
"409";5080;97.8401294003711;0.0261412800259866
"410";5090;97.5797561838464;0.0259337071123192
"411";5100;97.3214484222218;0.0257281849807858
"412";5110;97.0651857290708;0.0255246894083
"413";5120;96.8109479585299;0.0253231965045018
"414";5130;96.5587152019971;0.0251236827065497
"415";5140;96.3084677848828;0.0249261247740037
"416";5150;96.0601862634106;0.0247304997837989
"417";5160;95.8138514214686;0.0245367851253062
"418";5170;95.5694442675092;0.0243449584954796
"419";5180;95.3269460314974;0.024154997894088
"420";5190;95.0863381619056;0.0239668816190299
"421";5200;94.8476023227563;0.0237805882617298
"422";5210;94.6107203907087;0.0235960967026135
"423";5220;94.3756744521913;0.0234133861066629
"424";5230;94.1424468005783;0.0232324359190462
"425";5240;93.9110199334093;0.0230532258608244
"426";5250;93.6813765496511;0.0228757359247312
"427";5260;93.4534995470026;0.0226999463710251
"428";5270;93.2273720192392;0.0225258377234132
"429";5280;93.0029772535986;0.022353390765044
"430";5290;92.7802987282066;0.0221825865345694
"431";5300;92.5593201095408;0.0220134063222724
"432";5310;92.340025249934;0.0218458316662626
"433";5320;92.122398185114;0.0216798443487343
"434";5330;91.906423131782;0.0215154263922892
"435";5340;91.6920844852259;0.0213525600563211
"436";5350;91.4793668169707;0.0211912278334611
"437";5360;91.2682548724635;0.0210314124460833
"438";5370;91.0587335687933;0.0208730968428687
"439";5380;90.8507879924447;0.0207162641954273
"440";5390;90.6444033970855;0.0205608978949761
"441";5400;90.439565201387;0.0204069815490734
"442";5410;90.2362589868765;0.0202544989784072
"443";5420;90.0344704958222;0.0201034342136369
"444";5430;89.8341856291484;0.019953771492288
"445";5440;89.6353904443829;0.0198054952556977
"446";5450;89.4380711536334;0.0196585901460122
"447";5460;89.2422141215946;0.0195130410032321
"448";5470;89.0478058635839;0.0193688328623078
"449";5480;88.8548330436065;0.0192259509502826
"450";5490;88.6632824724482;0.0190843806834819
"451";5500;88.473141105797;0.0189441076647499
"452";5510;88.284396042391;0.0188051176807301
"453";5520;88.097034522194;0.0186673966991918
"454";5530;87.9110439245975;0.018530930866399
"455";5540;87.7264117666489;0.0183957065045228
"456";5550;87.5431257013046;0.0182617101090957
"457";5560;87.3611735157095;0.0181289283465074
"458";5570;87.1805431295008;0.0179973480515412
"459";5580;87.0012225931356;0.0178669562249499
"460";5590;86.823200086244;0.0177377400310713
"461";5600;86.6464639160042;0.0176096867954818
"462";5610;86.4710025155424;0.0174827840026883
"463";5620;86.2968044423544;0.0173570192938564
"464";5630;86.1238583767504;0.0172323804645755
"465";5640;85.9521531203217;0.0171088554626598
"466";5650;85.7816775944295;0.0169864323859843
"467";5660;85.6124208387148;0.0168650994803552
"468";5670;85.4443720096294;0.016744845137414
"469";5680;85.2775203789885;0.0166256578925759
"470";5690;85.1118553325426;0.0165075264229995
"471";5700;84.94736636857;0.0163904395455899
"472";5710;84.7840430964897;0.0162743862150329
"473";5720;84.6218752354929;0.0161593555218597
"474";5730;84.4608526131943;0.0160453366905431
"475";5740;84.3009651643019;0.0159323190776231
"476";5750;84.1422029293056;0.0158202921698617
"477";5760;83.9845560531843;0.0157092455824274
"478";5770;83.8280147841305;0.0155991690571071
"479";5780;83.6725694722933;0.0154900524605467
"480";5790;83.518210568538;0.0153818857825191
"481";5800;83.3649286232238;0.0152746591342188
"482";5810;83.2127142849978;0.0151683627465829
"483";5820;83.0615582996061;0.015062986968639
"484";5830;82.9114515087205;0.0149585222658776
"485";5840;82.7623848487827;0.0148549592186507
"486";5850;82.6143493498627;0.0147522885205938
"487";5860;82.4673361345346;0.0146505009770741
"488";5870;82.3213364167663;0.0145495875036605
"489";5880;82.1763415008254;0.0144495391246187
"490";5890;82.0323427801995;0.0143503469714285
"491";5900;81.8893317365314;0.0142520022813242
"492";5910;81.747299938569;0.014154496395857
"493";5920;81.6062390411286;0.0140578207594796
"494";5930;81.4661407840737;0.0139619669181523
"495";5940;81.3269969913061;0.01386692651797
"496";5950;81.1887995697717;0.0137726913038106
"497";5960;81.0515405084794;0.0136792531180032
"498";5970;80.9152118775328;0.0135866038990172
"499";5980;80.7798058271756;0.0134947356801703
"500";5990;80.6453145868495;0.013403640588357
"501";6000;80.5117304642644;0.0133133108427953
"502";6010;80.3790458444817;0.0132237387537928
"503";6020;80.2472531890093;0.0131349167215313
"504";6030;80.1163450349088;0.0130468372348692
"505";6040;79.986313993915;0.0129594928701621
"506";6050;79.8571527515662;0.0128728762901012
"507";6060;79.7288540663472;0.0127869802425685
"508";6070;79.6014107688425;0.0127017975595095
"509";6080;79.4748157609015;0.0126173211558225
"510";6090;79.3490620148146;0.0125335440282639
"511";6100;79.2241425724996;0.0124504592543707
"512";6110;79.1000505446995;0.0123680599913981
"513";6120;78.9767791101907;0.0122863394752731
"514";6130;78.8543215150012;0.0122052910195631
"515";6140;78.7326710716392;0.0121249080144606
"516";6150;78.6118211583322;0.012045183925782
"517";6160;78.4917652182755;0.0119661122939811
"518";6170;78.3724967588906;0.0118876867331776
"519";6180;78.2540093510938;0.0118099009301992
"520";6190;78.1362966285731;0.011732748643638
"521";6200;78.019352287076;0.0116562237029207
"522";6210;77.9031700837051;0.0115803200073919
"523";6220;77.7877438362239;0.0115050315254114
"524";6230;77.6730674223709;0.0114303522934638
"525";6240;77.5591347791828;0.0113562764152818
"526";6250;77.4459399023263;0.0112827980609813
"527";6260;77.3334768454386;0.0112099114662097
"528";6270;77.2217397194763;0.0111376109313063
"529";6280;77.1107226920726;0.0110658908204742
"530";6290;77.0004199869026;0.0109947455609653
"531";6300;76.8908258830573;0.0109241696422754
"532";6310;76.7819347144247;0.0108541576153524
"533";6320;76.673740869079;0.0107847040918147
"534";6330;76.5662387886786;0.010715803743181
"535";6340;76.45942296787;0.0106474513001119
"536";6350;76.3532879537007;0.0105796415516605
"537";6360;76.2478283450387;0.0105123693445359
"538";6370;76.1429107849031;0.0104774722620283
"539";6380;76.0382707825604;0.0104505467930647
"540";6390;75.9338994783697;0.0104237325258759
"541";6400;75.8297957634782;0.0103970288282519
"542";6410;75.7259585353321;0.0103704350725568
"543";6420;75.6223866976314;0.0103439506356894
"544";6430;75.5190791602847;0.0103175748990429
"545";6440;75.4160348393642;0.0102913072484656
"546";6450;75.3132526570614;0.0102651470742221
"547";6460;75.2107315416436;0.0102390937709549
"548";6470;75.1084704274096;0.0102131467376457
"549";6480;75.006468254647;0.0101873053775784
"550";6490;74.9047239695892;0.010161569098301
"551";6500;74.8032365243729;0.0101359373115893
"552";6510;74.7020048769961;0.0101104094334097
"553";6520;74.6010279912764;0.0100849848838833
"554";6530;74.5003048368093;0.0100596630872498
"555";6540;74.3998343889278;0.0100344434718325
"556";6550;74.2996156286611;0.0100093254700024
"557";6560;74.1996475426949;0.00998430851814402
"558";6570;74.0999291233309;0.00995939205662075
"559";6580;74.0004593684475;0.00993457552974064
"560";6590;73.9012372814603;0.00990985838572286
"561";6600;73.8022618712836;0.00988524007666422
"562";6610;73.7035321522911;0.009860720058506
"563";6620;73.6050471442784;0.00983629779100137
"564";6630;73.5068058724242;0.00981197273768283
"565";6640;73.4088073672536;0.0097877443658303
"566";6650;73.3110506645998;0.00976361214643906
"567";6660;73.2135348055681;0.00973957555418867
"568";6670;73.1162588364982;0.00971563406741152
"569";6680;73.0192218089288;0.00969178716806215
"570";6690;72.9224227795608;0.00966803434168673
"571";6700;72.8258608102218;0.00964437507739274
"572";6710;72.7295349678309;0.00962080886781919
"573";6720;72.633444324363;0.00959733520910683
"574";6730;72.5375879568142;0.00957395360086896
"575";6740;72.4419649471675;0.00955066354616235
"576";6750;72.346574382358;0.00952746455145836
"577";6760;72.2514153542392;0.00950435612661468
"578";6770;72.1564869595492;0.00948133778484689
"579";6780;72.0617882998772;0.00945840904270073
"580";6790;71.9673184816306;0.00943556942002438
"581";6800;71.8730766160018;0.00941281843994102
"582";6810;71.7790618189356;0.00939015562882184
"583";6820;71.6852732110972;0.00936758051625905
"584";6830;71.5917099178397;0.00934509263503946
"585";6840;71.4983710691724;0.00932269152111798
"586";6850;71.4052557997296;0.00930037671359166
"587";6860;71.3123632487389;0.00927814775467381
"588";6870;71.2196925599901;0.00925600418966846
"589";6880;71.1272428818049;0.00923394556694501
"590";6890;71.0350133670059;0.00921197143791316
"591";6900;70.9430031728866;0.00919008135699809
"592";6910;70.8512114611812;0.00916827488161578
"593";6920;70.7596373980349;0.00914655157214875
"594";6930;70.6682801539744;0.00912491099192181
"595";6940;70.5771389038785;0.0091033527071783
"596";6950;70.4862128269491;0.00908187628705626
"597";6960;70.3955011066823;0.00906048130356513
"598";6970;70.3050029308398;0.00903916733156238
"599";6980;70.2147174914208;0.00901793394873063
"600";6990;70.1246439846333;0.00899678073555482
"601";7000;70.0347816108669;0.00897570727529956
"602";7010;69.9451295746645;0.00895471315398694
"603";7020;69.8556870846951;0.00893379796037419
"604";7030;69.7664533537267;0.00891296128593197
"605";7040;69.677427598599;0.00889220272482241
"606";7050;69.5886090401967;0.00887152187387774
"607";7060;69.4999969034229;0.00885091833257892
"608";7070;69.4115904171729;0.00883039170303451
"609";7080;69.3233888143076;0.00880994158995976
"610";7090;69.2353913316281;0.00878956760065586
"611";7100;69.1475972098493;0.00876926934498945
"612";7110;69.0600056935751;0.00874904643537225
"613";7120;68.9726160312722;0.00872889848674088
"614";7130;68.8854274752458;0.00870882511653695
"615";7140;68.7984392816139;0.00868882594468726
"616";7150;68.7116507102831;0.00866890059358413
"617";7160;68.6250610249239;0.00864904868806618
"618";7170;68.5386694929459;0.00862926985539883
"619";7180;68.4524753854744;0.00860956372525548
"620";7190;68.3664779773258;0.00858992992969851
"621";7200;68.280676546984;0.00857036810316053
"622";7210;68.1950703765768;0.00855087788242601
"623";7220;68.1096587518526;0.00853145890661275
"624";7230;68.024440962157;0.00851211081715378
"625";7240;67.9394163004095;0.00849283325777928
"626";7250;67.8545840630813;0.00847362587449871
"627";7260;67.7699435501719;0.00845448831558324
"628";7270;67.685494065187;0.00843542023154797
"629";7280;67.6012349151158;0.00841642127513481
"630";7290;67.5171654104093;0.00839749110129509
"631";7300;67.4332848649578;0.00837862936717251
"632";7310;67.3495925960693;0.00835983573208635
"633";7320;67.2660879244479;0.00834110985751452
"634";7330;67.1827701741721;0.00832245140707716
"635";7340;67.0996386726736;0.00830386004652006
"636";7350;67.0166927507162;0.00828533544369836
"637";7360;66.9339317423743;0.00826687726856046
"638";7370;66.8513549850128;0.00824848519313193
"639";7380;66.7689618192659;0.00823015889149969
"640";7390;66.6867515890166;0.0082118980397963
"641";7400;66.6047236413766;0.0081937023161843
"642";7410;66.5228773266656;0.00817557140084083
"643";7420;66.4412119983918;0.00815750497594228
"644";7430;66.3597270132316;0.0081395027256492
"645";7440;66.2784217310099;0.00812156433609112
"646";7450;66.1972955146806;0.00810368949535181
"647";7460;66.116347730307;0.00808587789345441
"648";7470;66.0355777470424;0.00806812922234681
"649";7480;65.9549849371114;0.00805044317588716
"650";7490;65.8745686757902;0.00803281944982948
"651";7500;65.7943283413882;0.00801525774180939
"652";7510;65.7142633152291;0.00799775775133005
"653";7520;65.6343729816322;0.00798031917974804
"654";7530;65.554656727894;0.00796294173025966
"655";7540;65.4751139442701;0.00794562510788696
"656";7550;65.3957440239567;0.00792836901946431
"657";7560;65.3165463630724;0.00791117317362469
"658";7570;65.237520360641;0.0078940372807865
"659";7580;65.1586654185729;0.00787696105314006
"660";7590;65.079980941648;0.00785994420463471
"661";7600;65.0014663374976;0.00784298645096546
"662";7610;64.923121016588;0.00782608750956029
"663";7620;64.8449443922019;0.00780924709956723
"664";7630;64.7669358804226;0.00779246494184166
"665";7640;64.6890949001159;0.00777574075893378
"666";7650;64.6114208729139;0.00775907427507594
"667";7660;64.533913223198;0.00774246521617047
"668";7670;64.4565713780823;0.00772591330977726
"669";7680;64.3793947673969;0.00770941828510172
"670";7690;64.3023828236719;0.00769297987298251
"671";7700;64.2255349821208;0.00767659780587979
"672";7710;64.1488506806242;0.0076602718178633
"673";7720;64.0723293597145;0.00764400164460055
"674";7730;63.995970462559;0.00762778702334516
"675";7740;63.919773434945;0.00761162769292545
"676";7750;63.8437377252633;0.00759552339373282
"677";7760;63.7678627844933;0.00757947386771043
"678";7770;63.6921480661871;0.00756347885834205
"679";7780;63.6165930264544;0.00754753811064071
"680";7790;63.5411971239471;0.00753165137113784
"681";7800;63.4659598198443;0.00751581838787208
"682";7810;63.3908805778372;0.00750003891037859
"683";7820;63.3159588641143;0.00748431268967817
"684";7830;63.2411941473462;0.00746863947826651
"685";7840;63.1665858986716;0.00745301903010373
"686";7850;63.0921335916821;0.00743745110060368
"687";7860;63.0178367024079;0.00742193544662367
"688";7870;62.9436947093037;0.0074064718264541
"689";7880;62.8697070932339;0.00739105999980808
"690";7890;62.7958733374589;0.00737569972781144
"691";7900;62.7221929276206;0.0073603907729925
"692";7910;62.6486653517289;0.00734513289927219
"693";7920;62.5752901001473;0.00732992587195405
"694";7930;62.5020666655797;0.00731476945771445
"695";7940;62.4289945430561;0.00729966342459282
"696";7950;62.3560732299196;0.00728460754198201
"697";7960;62.2833022258125;0.00726960158061865
"698";7970;62.210681032663;0.00725464531257369
"699";7980;62.1382091546721;0.00723973851124299
"700";7990;62.0658860983002;0.00722488095133786
"701";8000;61.993711372254;0.00721007240887594
"702";8010;61.9216844874736;0.00719531266117193
"703";8020;61.8498049571195;0.00718060148682848
"704";8030;61.7780722965597;0.00716593866572704
"705";8040;61.7064860233571;0.00715132397901913
"706";8050;61.6350456572568;0.00713675720911727
"707";8060;61.5637507201733;0.00712223813968615
"708";8070;61.4926007361786;0.007107766555634
"709";8080;61.4215952314891;0.00709334224310379
"710";8090;61.3507337344537;0.00707896498946467
"711";8100;61.2800157755416;0.0070646345833035
"712";8110;61.2094408873302;0.00705035081441627
"713";8120;61.1390086044925;0.00703611347379982
"714";8130;61.0687184637861;0.00702192235364335
"715";8140;60.9985700040404;0.00700777724732041
"716";8150;60.9285627661452;0.00699367794938044
"717";8160;60.8586962930392;0.00697962425554083
"718";8170;60.7889701296979;0.00696561596267875
"719";8180;60.7193838231224;0.00695165286882324
"720";8190;60.6499369223277;0.00693773477314724
"721";8200;60.5806289783313;0.00692386147595969
"722";8210;60.5114595441422;0.00691003277869784
"723";8220;60.4424281747492;0.00689624848391934
"724";8230;60.3735344271101;0.00688250839529475
"725";8240;60.3047778601403;0.00686881231759978
"726";8250;60.2361580347022;0.00685516005670778
"727";8260;60.1676745135937;0.00684155141958234
"728";8270;60.0993268615379;0.00682798621426969
"729";8280;60.031114645172;0.00681446424989149
"730";8290;59.9630374330365;0.00680098533663737
"731";8300;59.8950947955648;0.00678754928575778
"732";8310;59.8272863050725;0.00677415590955679
"733";8320;59.759611535747;0.0067608050213849
"734";8330;59.6920700636369;0.00674749643563191
"735";8340;59.6246614666417;0.00673422996772008
"736";8350;59.5573853245016;0.00672100543409693
"737";8360;59.4902412187873;0.00670782265222847
"738";8370;59.4232287328897;0.00669468144059238
"739";8380;59.3563474520099;0.006681581618671
"740";8390;59.2895969631491;0.00666852300694476
"741";8400;59.2229768550989;0.00665550542688548
"742";8410;59.1564867184311;0.00664252870094956
"743";8420;59.0901261454881;0.0066295926525716
"744";8430;59.0238947303732;0.00661669710615767
"745";8440;58.9577920689406;0.00660384188707899
"746";8450;58.8918177587862;0.00659102682166532
"747";8460;58.8259713992376;0.00657825173719873
"748";8470;58.7602525913451;0.00656551646190709
"749";8480;58.6946609378718;0.00655282082495798
"750";8490;58.6291960432845;0.0065401646564523
"751";8500;58.5638575137446;0.0065275477874181
"752";8510;58.4986449570982;0.00651497004980453
"753";8520;58.4335579828676;0.00650243127647562
"754";8530;58.3685962022419;0.00648993130120434
"755";8540;58.3037592280679;0.00647746995866647
"756";8550;58.239046674841;0.00646504708443482
"757";8560;58.1744581586967;0.0064526625149732
"758";8570;58.1099932974013;0.00644031608763052
"759";8580;58.0456517103431;0.00642800764063511
"760";8590;57.9814330185238;0.0064157370130889
"761";8600;57.91733684455;0.00640350404496157
"762";8610;57.8533628126238;0.00639130857708503
"763";8620;57.7895105485352;0.00637915045114773
"764";8630;57.7257796796527;0.00636702950968904
"765";8640;57.6621698349153;0.00635494559609368
"766";8650;57.598680644824;0.00634289855458628
"767";8660;57.5353117414332;0.00633088823022582
"768";8670;57.4720627583428;0.00631891446890032
"769";8680;57.4089333306895;0.00630697711732131
"770";8690;57.3459230951389;0.00629507602301863
"771";8700;57.2830316898771;0.00628321103433502
"772";8710;57.220258754603;0.00627138200042093
"773";8720;57.1576039305197;0.00625958877122926
"774";8730;57.0950668603269;0.00624783119751016
"775";8740;57.0326471882129;0.00623610913080594
"776";8750;56.9703445598464;0.00622442242344592
"777";8760;56.9081586223692;0.00621277092854139
"778";8770;56.8460890243879;0.0062011544999806
"779";8780;56.7841354159663;0.00618957299242368
"780";8790;56.722297448618;0.00617802626129779
"781";8800;56.6605747752984;0.00616651416279218
"782";8810;56.5989670503971;0.0061550365538533
"783";8820;56.5374739297305;0.00614359329217992
"784";8830;56.4760950705345;0.00613218423621842
"785";8840;56.4148301314566;0.00612080924515795
"786";8850;56.3536787725487;0.00610946817892569
"787";8860;56.2926406552598;0.00609816089818219
"788";8870;56.2317154424289;0.00608688726431675
"789";8880;56.1709027982769;0.00607564713944267
"790";8890;56.1102023884007;0.00606444038639278
"791";8900;56.0496138797646;0.0060532668687148
"792";8910;55.9891369406943;0.00604212645066682
"793";8920;55.9287712408694;0.00603101899721292
"794";8930;55.868516451316;0.00601994437401857
"795";8940;55.8083722444003;0.00600890244744626
"796";8950;55.7483382938215;0.00599789308455115
"797";8960;55.6884142746046;0.00598691615307662
"798";8970;55.6285998630939;0.00597597152145007
"799";8980;55.5688947369459;0.00596505905877848
"800";8990;55.5092985751226;0.00595417863484429
"801";9000;55.4498110578851;0.00594333012010106
"802";9010;55.3904318667863;0.00593251338566933
"803";9020;55.3311606846648;0.0059217283033324
"804";9030;55.2719971956379;0.00591097474553226
"805";9040;55.2129410850954;0.00590025258536542
"806";9050;55.1539920396928;0.00588956169657887
"807";9060;55.0951497473447;0.005878901953566
"808";9070;55.0364138972188;0.00586827323136266
"809";9080;54.9777841797292;0.00585767540564303
"810";9090;54.9192602865301;0.00584710835271576
"811";9100;54.8608419105092;0.00583657194952006
"812";9110;54.8025287457821;0.00582606607362174
"813";9120;54.7443204876852;0.00581559060320933
"814";9130;54.6862168327703;0.00580514541709029
"815";9140;54.6282174787978;0.00579473039468714
"816";9150;54.5703221247308;0.00578434541603368
"817";9160;54.5125304707292;0.00577399036177129
"818";9170;54.4548422181433;0.00576366511314505
"819";9180;54.3972570695081;0.0057533695520002
"820";9190;54.339774728537;0.0057431035607784
"821";9200;54.2823949001161;0.00573286702251391
"822";9210;54.2251172902981;0.00572265982083028
"823";9220;54.1679416062969;0.0057124818399365
"824";9230;54.1108675564809;0.0057023329646235
"825";9240;54.053894850368;0.00569221308026055
"826";9250;53.9970231986194;0.0056821220727919
"827";9260;53.9402523130342;0.00567205982873301
"828";9270;53.8835819065432;0.00566202623516734
"829";9280;53.8270116932037;0.00565202117974276
"830";9290;53.7705413881939;0.00564204455066813
"831";9300;53.7141707078067;0.0056320962367099
"832";9310;53.657899369445;0.00562217612718879
"833";9320;53.6017270916153;0.00561228411197637
"834";9330;53.5456535939231;0.00560242008149178
"835";9340;53.4896785970666;0.0055925839266984
"836";9350;53.4338018228318;0.00558277553910055
"837";9360;53.3780229940871;0.00557299481074028
"838";9370;53.3223418347777;0.00556324163419408
"839";9380;53.2667580699203;0.00555351590256969
"840";9390;53.2112714255978;0.00554381750950295
"841";9400;53.1558816289545;0.00553414634915458
"842";9410;53.1005884081901;0.00552450231620705
"843";9420;53.0453914925551;0.00551488530586142
"844";9430;52.9902906123452;0.00550529521383436
"845";9440;52.9352854988966;0.00549573193635489
"846";9450;52.8803758845806;0.00548619537016151
"847";9460;52.8255615027984;0.00547668541249902
"848";9470;52.7708420879764;0.00546720196111555
"849";9480;52.716217375561;0.00545774491425963
"850";9490;52.6616871020137;0.00544831417067709
"851";9500;52.6072510048058;0.00543890962960827
"852";9510;52.5529088224141;0.00542953119078496
"853";9520;52.4986602943153;0.00542017875442743
"854";9530;52.4445051609817;0.00541085222124182
"855";9540;52.390443163876;0.00540155149241694
"856";9550;52.3364740454466;0.00539227646962165
"857";9560;52.282597549123;0.0053830270550019
"858";9570;52.2288134193107;0.00537380315117797
"859";9580;52.1751214013865;0.0053646046612417
"860";9590;52.1215212416944;0.00535543148875367
"861";9600;52.0680126875399;0.00534628353774044
"862";9610;52.0145954871864;0.00533716071269189
"863";9620;51.9612693898498;0.00532806291855845
"864";9630;51.9080341456942;0.00531899006074837
"865";9640;51.8548895058276;0.00530994204512514
"866";9650;51.8018352222968;0.00530091877800473
"867";9660;51.7488710480833;0.00529192016615301
"868";9670;51.6959967370988;0.00528294611678309
"869";9680;51.6432120441805;0.00527399653755278
"870";9690;51.590516725087;0.0052650713365619
"871";9700;51.5379105364934;0.00525617042234977
"872";9710;51.4853932359875;0.00524729370389271
"873";9720;51.4329645820651;0.0052384410906014
"874";9730;51.3806243341255;0.0052296124923184
"875";9740;51.3283722524678;0.00522080781931575
"876";9750;51.276208098286;0.00521202698229226
"877";9760;51.224131633665;0.00520326989237127
"878";9770;51.1721426215765;0.00519453646109813
"879";9780;51.1202408258744;0.0051858266004377
"880";9790;51.0684260112911;0.00517714022277202
"881";9800;51.016697943433;0.00516847724089783
"882";9810;50.9650563887765;0.00515983756802424
"883";9820;50.9135011146638;0.00515122111777039
"884";9830;50.862031889299;0.00514262780416305
"885";9840;50.8106484817437;0.00513405754163423
"886";9850;50.7593506619133;0.00512551024501903
"887";9860;50.7081382005729;0.00511698582955311
"888";9870;50.657010869333;0.00510848421087062
"889";9880;50.6059684406461;0.00510000530500179
"890";9890;50.5550106878022;0.00509154902837067
"891";9900;50.5041373849252;0.00508311529779301
"892";9910;50.4533483069689;0.00507470403047386
"893";9920;50.402643229713;0.00506631514400549
"894";9930;50.3520219297594;0.00505794855636513
"895";9940;50.3014841845284;0.00504960418591283
"896";9950;50.2510297722547;0.00504128195138923
"897";9960;50.2006584719838;0.00503298177191344
"898";9970;50.150370063568;0.0050247035669809
"899";9980;50.1001643276629;0.00501644725646128
"900";9990;50.0500410457233;0.00500821276059626
"901";10000;50.0000000000001;0.00499999999999759
"902";10010;49.9500499500501;0.00499001498002258
"903";10020;49.9001996007986;0.00498005984039665
"904";10030;49.8504486540381;0.00497013446201536
"905";10040;49.8007968127492;0.00496023872636706
"906";10050;49.7512437810948;0.00495037251552943
"907";10060;49.7017892644138;0.00494053571216599
"908";10070;49.6524329692158;0.00493072819952253
"909";10080;49.6031746031749;0.00492094986142372
"910";10090;49.5540138751242;0.0049112005822696
"911";10100;49.5049504950499;0.00490148024703227
"912";10110;49.4559841740854;0.00489178874125237
"913";10120;49.4071146245063;0.00488212595103582
"914";10130;49.358341559724;0.00487249176305038
"915";10140;49.3096646942805;0.00486288606452237
"916";10150;49.2610837438428;0.00485330874323342
"917";10160;49.2125984251973;0.00484375968751707
"918";10170;49.1642084562444;0.00483423878625572
"919";10180;49.1159135559927;0.00482474592887711
"920";10190;49.067713444554;0.00481528100535136
"921";10200;49.0196078431378;0.00480584390618766
"922";10210;48.9715964740457;0.00479643452243114
"923";10220;48.923679060666;0.00478705274565971
"924";10230;48.8758553274689;0.00477769846798096
"925";10240;48.8281250000007;0.00476837158202903
"926";10250;48.7804878048787;0.00475907198096148
"927";10260;48.7329434697863;0.00474979955845642
"928";10270;48.6854917234671;0.00474055420870922
"929";10280;48.6381322957206;0.00473133582642968
"930";10290;48.5908649173963;0.00472214430683895
"931";10300;48.5436893203892;0.00471297954566657
"932";10310;48.4966052376342;0.00470384143914751
"933";10320;48.4496124031016;0.0046947298840192
"934";10330;48.4027105517918;0.00468564477751873
"935";10340;48.3558994197301;0.00467658601737977
"936";10350;48.3091787439623;0.00466755350182985
"937";10360;48.2625482625492;0.00465854712958744
"938";10370;48.2160077145622;0.00464956679985912
"939";10380;48.169556840078;0.00464061241233668
"940";10390;48.1231953801742;0.00463168386719451
"941";10400;48.0769230769241;0.00462278106508662
"942";10410;48.030739673392;0.00461390390714397
"943";10420;47.9846449136287;0.00460505229497174
"944";10430;47.9386385426665;0.00459622613064653
"945";10440;47.8927203065145;0.00458742531671374
"946";10450;47.8468899521542;0.0045786497561848
"947";10460;47.8011472275346;0.00456989935253457
"948";10470;47.7554918815676;0.0045611740096986
"949";10480;47.7099236641233;0.00455247363207065
"950";10490;47.664442326026;0.00454379812449981
"951";10500;47.6190476190488;0.00453514739228819
"952";10510;47.5737392959099;0.00452652134118811
"953";10520;47.5285171102674;0.00451791987739966
"954";10530;47.4833808167154;0.00450934290756813
"955";10540;47.4383301707793;0.00450079033878145
"956";10550;47.3933649289113;0.00449226207856762
"957";10560;47.3484848484862;0.00448375803489237
"958";10570;47.303689687797;0.0044752781161565
"959";10580;47.2589792060505;0.00446682223119355
"960";10590;47.2143531633631;0.00445839028926726
"961";10600;47.1698113207561;0.00444998220006917
"962";10610;47.1253534401523;0.00444159787371626
"963";10620;47.0809792843706;0.0044332372207484
"964";10630;47.0366886171228;0.00442490015212607
"965";10640;46.992481203009;0.00441658657922805
"966";10650;46.9483568075133;0.00440829641384888
"967";10660;46.9043151969997;0.00440002956819671
"968";10670;46.8603561387082;0.00439178595489087
"969";10680;46.8164794007507;0.00438356548695956
"970";10690;46.7726847521064;0.00437536807783759
"971";10700;46.7289719626185;0.00436719364136409
"972";10710;46.6853408029895;0.00435904209178029
"973";10720;46.6417910447778;0.00435091334372717
"974";10730;46.5983224603931;0.00434280731224329
"975";10740;46.554934823093;0.00433472391276263
"976";10750;46.5116279069785;0.00432666306111218
"977";10760;46.4684014869906;0.00431862467351005
"978";10770;46.4252553389061;0.00431060866656302
"979";10780;46.3821892393339;0.00430261495726453
"980";10790;46.3392029657108;0.00429464346299244
"981";10800;46.2962962962981;0.004286694101507
"982";10810;46.2534690101776;0.00427876679094868
"983";10820;46.2107208872477;0.00427086144983599
"984";10830;46.1680517082198;0.00426297799706349
"985";10840;46.1254612546145;0.00425511635189965
"986";10850;46.0829493087577;0.00424727643398484
"987";10860;46.0405156537773;0.00423945816332919
"988";10870;45.998160073599;0.00423166146031065
"989";10880;45.9558823529431;0.00422388624567288
"990";10890;45.9136822773206;0.00421613244052327
"991";10900;45.8715596330295;0.00420839996633096
"992";10910;45.8295142071514;0.00420068874492477
"993";10920;45.7875457875478;0.00419299869849138
"994";10930;45.7456541628566;0.00418532974957314
"995";10940;45.7038391224884;0.0041776818210664
"996";10950;45.6621004566231;0.00417005483621927
"997";10960;45.6204379562065;0.00416244871862997
"998";10970;45.5788514129465;0.00415486339224472
"999";10980;45.53734061931;0.00414729878135592
"1000";10990;45.495905368519;0.00413975481060028
"1001";11000;45.4545454545476;0.00413223140495689
"1002";11010;45.4132606721185;0.00412472848974538
"1003";11020;45.3720508166991;0.00411724599062407
"1004";11030;45.3309156844991;0.00410978383358815
"1005";11040;45.289855072466;0.00410234194496778
"1006";11050;45.2488687782828;0.00409492025142633
"1007";11060;45.207956600364;0.0040875186799586
"1008";11070;45.1671183378524;0.00408013715788894
"1009";11080;45.126353790616;0.00407277561286953
"1010";11090;45.0856627592449;0.00406543397287856
"1011";11100;45.0450450450474;0.00405811216621854
"1012";11110;45.0045004500474;0.00405081012151445
"1013";11120;44.9640287769808;0.00404352776771216
"1014";11130;44.9236298292926;0.00403626503407645
"1015";11140;44.8833034111335;0.00402902185018958
"1016";11150;44.8430493273567;0.00402179814594933
"1017";11160;44.802867383515;0.00401459385156752
"1018";11170;44.7627573858575;0.00400740889756812
"1019";11180;44.7227191413263;0.00400024321478576
"1020";11190;44.6827524575539;0.00399309673436393
"1021";11200;44.6428571428597;0.00398596938775342
"1022";11210;44.603033006247;0.00397886110671056
"1023";11220;44.5632798574001;0.00397177182329578
"1024";11230;44.5235975066811;0.00396470146987174
"1025";11240;44.4839857651272;0.00395764997910192
"1026";11250;44.4444444444471;0.00395061728394894
"1027";11260;44.4049733570186;0.00394360331767293
"1028";11270;44.3655723158855;0.00393660801383
"1029";11280;44.3262411347544;0.00392963130627066
"1030";11290;44.2869796279921;0.00392267312913824
"1031";11300;44.2477876106222;0.00391573341686732
"1032";11310;44.2086648983228;0.00390881210418226
"1033";11320;44.1696113074232;0.00390190912609559
"1034";11330;44.1306266549013;0.00389502441790643
"1035";11340;44.0917107583802;0.0038881579151992
"1036";11350;44.0528634361261;0.00388130955384183
"1037";11360;44.0140845070451;0.00387447926998449
"1038";11370;43.97537379068;0.00386766700005794
"1039";11380;43.9367311072085;0.00386087268077218
"1040";11390;43.8981562774392;0.00385409624911484
"1041";11400;43.8596491228099;0.0038473376423499
"1042";11410;43.8212094653841;0.00384059679801604
"1043";11420;43.7828371278488;0.00383387365392537
"1044";11430;43.7445319335112;0.00382716814816186
"1045";11440;43.7062937062966;0.00382048021908002
"1046";11450;43.6681222707453;0.00381380980530344
"1047";11460;43.6300174520099;0.0038071568457233
"1048";11470;43.591979075853;0.00380052127949712
"1049";11480;43.5540069686441;0.00379390304604732
"1050";11490;43.5161009573572;0.00378730208505973
"1051";11500;43.4782608695683;0.00378071833648239
"1052";11510;43.4404865334522;0.00377415174052401
"1053";11520;43.4027777777808;0.00376760223765277
"1054";11530;43.3651344319198;0.00376106976859486
"1055";11540;43.3275563258263;0.00375455427433322
"1056";11550;43.2900432900464;0.00374805569610612
"1057";11560;43.2525951557125;0.00374157397540584
"1058";11570;43.2152117545407;0.00373510905397753
"1059";11580;43.1778929188287;0.0037286608738176
"1060";11590;43.1406384814527;0.00372222937717273
"1061";11600;43.1034482758652;0.00371581450653832
"1062";11610;43.0663221360928;0.00370941620465737
"1063";11620;43.029259896733;0.00370303441451914
"1064";11630;42.9922613929525;0.00369666907935784
"1065";11640;42.9553264604843;0.00369032014265153
"1066";11650;42.9184549356256;0.0036839875481206
"1067";11660;42.8816466552348;0.00367767123972676
"1068";11670;42.8449014567299;0.00367137116167174
"1069";11680;42.8082191780855;0.00366508725839595
"1070";11690;42.7715996578305;0.00365881947457741
"1071";11700;42.7350427350461;0.00365256775513037
"1072";11710;42.6985482493629;0.00364633204520429
"1073";11720;42.662116040959;0.00364011229018246
"1074";11730;42.6257459505575;0.0036339084356809
"1075";11740;42.5894378194242;0.00362772042754717
"1076";11750;42.5531914893651;0.00362154821185912
"1077";11760;42.5170068027245;0.00361539173492381
"1078";11770;42.4808836023824;0.0036092509432763
"1079";11780;42.4448217317522;0.00360312578367841
"1080";11790;42.4088210347787;0.00359701620311775
"1081";11800;42.3728813559357;0.00359092214880638
"1082";11810;42.3370025402237;0.00358484356817979
"1083";11820;42.3011844331676;0.0035787804088957
"1084";11830;42.265426880815;0.00357273261883301
"1085";11840;42.2297297297333;0.00356670014609062
"1086";11850;42.1940928270078;0.00356068293898629
"1087";11860;42.1585160202397;0.0035546809460556
"1088";11870;42.1229991575436;0.00354869411605083
"1089";11880;42.0875420875457;0.00354272239793985
"1090";11890;42.0521446593812;0.00353676574090503
"1091";11900;42.0168067226927;0.00353082409434222
"1092";11910;41.9815281276275;0.00352489740785955
"1093";11920;41.9463087248359;0.00351898563127648
"1094";11930;41.9111483654689;0.00351308871462269
"1095";11940;41.8760469011762;0.00350720660813703
"1096";11950;41.8410041841041;0.00350133926226642
"1097";11960;41.8060200668933;0.00349548662766497
"1098";11970;41.7710944026771;0.00348964865519272
"1099";11980;41.7362270450789;0.00348382529591476
"1100";11990;41.7014178482106;0.00347801650110013
"1101";12000;41.6666666666704;0.00347222222222085
